<sources>
    <programs>
        <default pathversion="1"></default>
    </programs>
    <video>
        <default pathversion="1"></default>
    </video>
    <music>
        <default pathversion="1"></default>
    </music>
    <pictures>
        <default pathversion="1"></default>
    </pictures>
    <files>
        <default pathversion="1"></default>
        <source>
            <name>zip</name>
            <path pathversion="1">http://stephen-builds.uk/zip</path>
            <allowsharing>true</allowsharing>
        </source>
        <source>
            <name>Kodi</name>
            <path pathversion="1">C:\Users\Barbara\AppData\Roaming\Kodi</path>
            <allowsharing>true</allowsharing>
        </source>
    </files>
    <games>
        <default pathversion="1"></default>
    </games>
</sources>
