<?xml version="1.0" encoding="UTF-8" standalone="yes"?>
<addon id="plugin.program.SupremacyWizard" name="Supremacy Wizard" version="0.2.6" provider-name="Supremacy">
  <requires>
    <import addon="xbmc.python" version="2.1.0"/>
  </requires>
  <extension point="xbmc.python.pluginsource" library="default.py">
        <provides>executable</provides>
  </extension>
  <extension point="xbmc.service" library="startup.py" start="startup" />
  <extension point="xbmc.addon.metadata">
    <summary lang="en">Supremacy Wizard</summary>
    <description lang="en">Supremacy Wizard allows you to get access to the latest Supremacy Custom Builds.</description>
    <platform>all</platform>
  </extension>
</addon>